Affluenza,Locale,Recensioni,Via,Link,Oggi,RealTime
0% busy at 6 AM.,McDonald's Dossobuono,"4.0 (4,213)","Via Borgo Bello, 29, 37100 Verona VR, Italy","https://www.google.it/maps/place/McDonald's+Dossobuono/@45.389607,10.9007287,17z/data=!4m6!3m5!1s0x4781e089d18461af:0x1eed8b83b934aa4c!8m2!3d45.389607!4d10.9033036!16s%2Fg%2F11cs39j4gr?entry=ttu&g_ep=EgoyMDI1MDQzMC4xIKXMDSoASAFQAw%3D%3D",2025-11-17,Not busy
12% busy at 7 AM.,McDonald's Dossobuono,"4.0 (4,213)","Via Borgo Bello, 29, 37100 Verona VR, Italy","https://www.google.it/maps/place/McDonald's+Dossobuono/@45.389607,10.9007287,17z/data=!4m6!3m5!1s0x4781e089d18461af:0x1eed8b83b934aa4c!8m2!3d45.389607!4d10.9033036!16s%2Fg%2F11cs39j4gr?entry=ttu&g_ep=EgoyMDI1MDQzMC4xIKXMDSoASAFQAw%3D%3D",2025-11-17,Not busy
22% busy at 8 AM.,McDonald's Dossobuono,"4.0 (4,213)","Via Borgo Bello, 29, 37100 Verona VR, Italy","https://www.google.it/maps/place/McDonald's+Dossobuono/@45.389607,10.9007287,17z/data=!4m6!3m5!1s0x4781e089d18461af:0x1eed8b83b934aa4c!8m2!3d45.389607!4d10.9033036!16s%2Fg%2F11cs39j4gr?entry=ttu&g_ep=EgoyMDI1MDQzMC4xIKXMDSoASAFQAw%3D%3D",2025-11-17,Not busy
28% busy at 9 AM.,McDonald's Dossobuono,"4.0 (4,213)","Via Borgo Bello, 29, 37100 Verona VR, Italy","https://www.google.it/maps/place/McDonald's+Dossobuono/@45.389607,10.9007287,17z/data=!4m6!3m5!1s0x4781e089d18461af:0x1eed8b83b934aa4c!8m2!3d45.389607!4d10.9033036!16s%2Fg%2F11cs39j4gr?entry=ttu&g_ep=EgoyMDI1MDQzMC4xIKXMDSoASAFQAw%3D%3D",2025-11-17,Not busy
36% busy at 10 AM.,McDonald's Dossobuono,"4.0 (4,213)","Via Borgo Bello, 29, 37100 Verona VR, Italy","https://www.google.it/maps/place/McDonald's+Dossobuono/@45.389607,10.9007287,17z/data=!4m6!3m5!1s0x4781e089d18461af:0x1eed8b83b934aa4c!8m2!3d45.389607!4d10.9033036!16s%2Fg%2F11cs39j4gr?entry=ttu&g_ep=EgoyMDI1MDQzMC4xIKXMDSoASAFQAw%3D%3D",2025-11-17,Not busy
46% busy at 11 AM.,McDonald's Dossobuono,"4.0 (4,213)","Via Borgo Bello, 29, 37100 Verona VR, Italy","https://www.google.it/maps/place/McDonald's+Dossobuono/@45.389607,10.9007287,17z/data=!4m6!3m5!1s0x4781e089d18461af:0x1eed8b83b934aa4c!8m2!3d45.389607!4d10.9033036!16s%2Fg%2F11cs39j4gr?entry=ttu&g_ep=EgoyMDI1MDQzMC4xIKXMDSoASAFQAw%3D%3D",2025-11-17,Not busy
61% busy at 12 PM.,McDonald's Dossobuono,"4.0 (4,213)","Via Borgo Bello, 29, 37100 Verona VR, Italy","https://www.google.it/maps/place/McDonald's+Dossobuono/@45.389607,10.9007287,17z/data=!4m6!3m5!1s0x4781e089d18461af:0x1eed8b83b934aa4c!8m2!3d45.389607!4d10.9033036!16s%2Fg%2F11cs39j4gr?entry=ttu&g_ep=EgoyMDI1MDQzMC4xIKXMDSoASAFQAw%3D%3D",2025-11-17,Not busy
70% busy at 1 PM.,McDonald's Dossobuono,"4.0 (4,213)","Via Borgo Bello, 29, 37100 Verona VR, Italy","https://www.google.it/maps/place/McDonald's+Dossobuono/@45.389607,10.9007287,17z/data=!4m6!3m5!1s0x4781e089d18461af:0x1eed8b83b934aa4c!8m2!3d45.389607!4d10.9033036!16s%2Fg%2F11cs39j4gr?entry=ttu&g_ep=EgoyMDI1MDQzMC4xIKXMDSoASAFQAw%3D%3D",2025-11-17,Not busy
64% busy at 2 PM.,McDonald's Dossobuono,"4.0 (4,213)","Via Borgo Bello, 29, 37100 Verona VR, Italy","https://www.google.it/maps/place/McDonald's+Dossobuono/@45.389607,10.9007287,17z/data=!4m6!3m5!1s0x4781e089d18461af:0x1eed8b83b934aa4c!8m2!3d45.389607!4d10.9033036!16s%2Fg%2F11cs39j4gr?entry=ttu&g_ep=EgoyMDI1MDQzMC4xIKXMDSoASAFQAw%3D%3D",2025-11-17,Not busy
53% busy at 3 PM.,McDonald's Dossobuono,"4.0 (4,213)","Via Borgo Bello, 29, 37100 Verona VR, Italy","https://www.google.it/maps/place/McDonald's+Dossobuono/@45.389607,10.9007287,17z/data=!4m6!3m5!1s0x4781e089d18461af:0x1eed8b83b934aa4c!8m2!3d45.389607!4d10.9033036!16s%2Fg%2F11cs39j4gr?entry=ttu&g_ep=EgoyMDI1MDQzMC4xIKXMDSoASAFQAw%3D%3D",2025-11-17,Not busy
46% busy at 4 PM.,McDonald's Dossobuono,"4.0 (4,213)","Via Borgo Bello, 29, 37100 Verona VR, Italy","https://www.google.it/maps/place/McDonald's+Dossobuono/@45.389607,10.9007287,17z/data=!4m6!3m5!1s0x4781e089d18461af:0x1eed8b83b934aa4c!8m2!3d45.389607!4d10.9033036!16s%2Fg%2F11cs39j4gr?entry=ttu&g_ep=EgoyMDI1MDQzMC4xIKXMDSoASAFQAw%3D%3D",2025-11-17,Not busy
50% busy at 5 PM.,McDonald's Dossobuono,"4.0 (4,213)","Via Borgo Bello, 29, 37100 Verona VR, Italy","https://www.google.it/maps/place/McDonald's+Dossobuono/@45.389607,10.9007287,17z/data=!4m6!3m5!1s0x4781e089d18461af:0x1eed8b83b934aa4c!8m2!3d45.389607!4d10.9033036!16s%2Fg%2F11cs39j4gr?entry=ttu&g_ep=EgoyMDI1MDQzMC4xIKXMDSoASAFQAw%3D%3D",2025-11-17,Not busy
72% busy at 6 PM.,McDonald's Dossobuono,"4.0 (4,213)","Via Borgo Bello, 29, 37100 Verona VR, Italy","https://www.google.it/maps/place/McDonald's+Dossobuono/@45.389607,10.9007287,17z/data=!4m6!3m5!1s0x4781e089d18461af:0x1eed8b83b934aa4c!8m2!3d45.389607!4d10.9033036!16s%2Fg%2F11cs39j4gr?entry=ttu&g_ep=EgoyMDI1MDQzMC4xIKXMDSoASAFQAw%3D%3D",2025-11-17,Not busy
94% busy at 7 PM.,McDonald's Dossobuono,"4.0 (4,213)","Via Borgo Bello, 29, 37100 Verona VR, Italy","https://www.google.it/maps/place/McDonald's+Dossobuono/@45.389607,10.9007287,17z/data=!4m6!3m5!1s0x4781e089d18461af:0x1eed8b83b934aa4c!8m2!3d45.389607!4d10.9033036!16s%2Fg%2F11cs39j4gr?entry=ttu&g_ep=EgoyMDI1MDQzMC4xIKXMDSoASAFQAw%3D%3D",2025-11-17,Not busy
99% busy at 8 PM.,McDonald's Dossobuono,"4.0 (4,213)","Via Borgo Bello, 29, 37100 Verona VR, Italy","https://www.google.it/maps/place/McDonald's+Dossobuono/@45.389607,10.9007287,17z/data=!4m6!3m5!1s0x4781e089d18461af:0x1eed8b83b934aa4c!8m2!3d45.389607!4d10.9033036!16s%2Fg%2F11cs39j4gr?entry=ttu&g_ep=EgoyMDI1MDQzMC4xIKXMDSoASAFQAw%3D%3D",2025-11-17,Not busy
84% busy at 9 PM.,McDonald's Dossobuono,"4.0 (4,213)","Via Borgo Bello, 29, 37100 Verona VR, Italy","https://www.google.it/maps/place/McDonald's+Dossobuono/@45.389607,10.9007287,17z/data=!4m6!3m5!1s0x4781e089d18461af:0x1eed8b83b934aa4c!8m2!3d45.389607!4d10.9033036!16s%2Fg%2F11cs39j4gr?entry=ttu&g_ep=EgoyMDI1MDQzMC4xIKXMDSoASAFQAw%3D%3D",2025-11-17,Not busy
62% busy at 10 PM.,McDonald's Dossobuono,"4.0 (4,213)","Via Borgo Bello, 29, 37100 Verona VR, Italy","https://www.google.it/maps/place/McDonald's+Dossobuono/@45.389607,10.9007287,17z/data=!4m6!3m5!1s0x4781e089d18461af:0x1eed8b83b934aa4c!8m2!3d45.389607!4d10.9033036!16s%2Fg%2F11cs39j4gr?entry=ttu&g_ep=EgoyMDI1MDQzMC4xIKXMDSoASAFQAw%3D%3D",2025-11-17,Not busy
38% busy at 11 PM.,McDonald's Dossobuono,"4.0 (4,213)","Via Borgo Bello, 29, 37100 Verona VR, Italy","https://www.google.it/maps/place/McDonald's+Dossobuono/@45.389607,10.9007287,17z/data=!4m6!3m5!1s0x4781e089d18461af:0x1eed8b83b934aa4c!8m2!3d45.389607!4d10.9033036!16s%2Fg%2F11cs39j4gr?entry=ttu&g_ep=EgoyMDI1MDQzMC4xIKXMDSoASAFQAw%3D%3D",2025-11-17,Not busy
20% busy at 12 AM.,McDonald's Dossobuono,"4.0 (4,213)","Via Borgo Bello, 29, 37100 Verona VR, Italy","https://www.google.it/maps/place/McDonald's+Dossobuono/@45.389607,10.9007287,17z/data=!4m6!3m5!1s0x4781e089d18461af:0x1eed8b83b934aa4c!8m2!3d45.389607!4d10.9033036!16s%2Fg%2F11cs39j4gr?entry=ttu&g_ep=EgoyMDI1MDQzMC4xIKXMDSoASAFQAw%3D%3D",2025-11-17,Not busy
0% busy at 6 AM.,McDonald's Dossobuono,"4.0 (4,213)","Via Borgo Bello, 29, 37100 Verona VR, Italy","https://www.google.it/maps/place/McDonald's+Dossobuono/@45.389607,10.9007287,17z/data=!4m6!3m5!1s0x4781e089d18461af:0x1eed8b83b934aa4c!8m2!3d45.389607!4d10.9033036!16s%2Fg%2F11cs39j4gr?entry=ttu&g_ep=EgoyMDI1MDQzMC4xIKXMDSoASAFQAw%3D%3D",2025-11-17,Not busy
19% busy at 7 AM.,McDonald's Dossobuono,"4.0 (4,213)","Via Borgo Bello, 29, 37100 Verona VR, Italy","https://www.google.it/maps/place/McDonald's+Dossobuono/@45.389607,10.9007287,17z/data=!4m6!3m5!1s0x4781e089d18461af:0x1eed8b83b934aa4c!8m2!3d45.389607!4d10.9033036!16s%2Fg%2F11cs39j4gr?entry=ttu&g_ep=EgoyMDI1MDQzMC4xIKXMDSoASAFQAw%3D%3D",2025-11-17,Not busy
22% busy at 8 AM.,McDonald's Dossobuono,"4.0 (4,213)","Via Borgo Bello, 29, 37100 Verona VR, Italy","https://www.google.it/maps/place/McDonald's+Dossobuono/@45.389607,10.9007287,17z/data=!4m6!3m5!1s0x4781e089d18461af:0x1eed8b83b934aa4c!8m2!3d45.389607!4d10.9033036!16s%2Fg%2F11cs39j4gr?entry=ttu&g_ep=EgoyMDI1MDQzMC4xIKXMDSoASAFQAw%3D%3D",2025-11-17,Not busy
23% busy at 9 AM.,McDonald's Dossobuono,"4.0 (4,213)","Via Borgo Bello, 29, 37100 Verona VR, Italy","https://www.google.it/maps/place/McDonald's+Dossobuono/@45.389607,10.9007287,17z/data=!4m6!3m5!1s0x4781e089d18461af:0x1eed8b83b934aa4c!8m2!3d45.389607!4d10.9033036!16s%2Fg%2F11cs39j4gr?entry=ttu&g_ep=EgoyMDI1MDQzMC4xIKXMDSoASAFQAw%3D%3D",2025-11-17,Not busy
25% busy at 10 AM.,McDonald's Dossobuono,"4.0 (4,213)","Via Borgo Bello, 29, 37100 Verona VR, Italy","https://www.google.it/maps/place/McDonald's+Dossobuono/@45.389607,10.9007287,17z/data=!4m6!3m5!1s0x4781e089d18461af:0x1eed8b83b934aa4c!8m2!3d45.389607!4d10.9033036!16s%2Fg%2F11cs39j4gr?entry=ttu&g_ep=EgoyMDI1MDQzMC4xIKXMDSoASAFQAw%3D%3D",2025-11-17,Not busy
33% busy at 11 AM.,McDonald's Dossobuono,"4.0 (4,213)","Via Borgo Bello, 29, 37100 Verona VR, Italy","https://www.google.it/maps/place/McDonald's+Dossobuono/@45.389607,10.9007287,17z/data=!4m6!3m5!1s0x4781e089d18461af:0x1eed8b83b934aa4c!8m2!3d45.389607!4d10.9033036!16s%2Fg%2F11cs39j4gr?entry=ttu&g_ep=EgoyMDI1MDQzMC4xIKXMDSoASAFQAw%3D%3D",2025-11-17,Not busy
48% busy at 12 PM.,McDonald's Dossobuono,"4.0 (4,213)","Via Borgo Bello, 29, 37100 Verona VR, Italy","https://www.google.it/maps/place/McDonald's+Dossobuono/@45.389607,10.9007287,17z/data=!4m6!3m5!1s0x4781e089d18461af:0x1eed8b83b934aa4c!8m2!3d45.389607!4d10.9033036!16s%2Fg%2F11cs39j4gr?entry=ttu&g_ep=EgoyMDI1MDQzMC4xIKXMDSoASAFQAw%3D%3D",2025-11-17,Not busy
54% busy at 1 PM.,McDonald's Dossobuono,"4.0 (4,213)","Via Borgo Bello, 29, 37100 Verona VR, Italy","https://www.google.it/maps/place/McDonald's+Dossobuono/@45.389607,10.9007287,17z/data=!4m6!3m5!1s0x4781e089d18461af:0x1eed8b83b934aa4c!8m2!3d45.389607!4d10.9033036!16s%2Fg%2F11cs39j4gr?entry=ttu&g_ep=EgoyMDI1MDQzMC4xIKXMDSoASAFQAw%3D%3D",2025-11-17,Not busy
48% busy at 2 PM.,McDonald's Dossobuono,"4.0 (4,213)","Via Borgo Bello, 29, 37100 Verona VR, Italy","https://www.google.it/maps/place/McDonald's+Dossobuono/@45.389607,10.9007287,17z/data=!4m6!3m5!1s0x4781e089d18461af:0x1eed8b83b934aa4c!8m2!3d45.389607!4d10.9033036!16s%2Fg%2F11cs39j4gr?entry=ttu&g_ep=EgoyMDI1MDQzMC4xIKXMDSoASAFQAw%3D%3D",2025-11-17,Not busy
37% busy at 3 PM.,McDonald's Dossobuono,"4.0 (4,213)","Via Borgo Bello, 29, 37100 Verona VR, Italy","https://www.google.it/maps/place/McDonald's+Dossobuono/@45.389607,10.9007287,17z/data=!4m6!3m5!1s0x4781e089d18461af:0x1eed8b83b934aa4c!8m2!3d45.389607!4d10.9033036!16s%2Fg%2F11cs39j4gr?entry=ttu&g_ep=EgoyMDI1MDQzMC4xIKXMDSoASAFQAw%3D%3D",2025-11-17,Not busy
"Currently 17% busy, usually 31% busy.",McDonald's Dossobuono,"4.0 (4,213)","Via Borgo Bello, 29, 37100 Verona VR, Italy","https://www.google.it/maps/place/McDonald's+Dossobuono/@45.389607,10.9007287,17z/data=!4m6!3m5!1s0x4781e089d18461af:0x1eed8b83b934aa4c!8m2!3d45.389607!4d10.9033036!16s%2Fg%2F11cs39j4gr?entry=ttu&g_ep=EgoyMDI1MDQzMC4xIKXMDSoASAFQAw%3D%3D",2025-11-17,Not busy
36% busy at 5 PM.,McDonald's Dossobuono,"4.0 (4,213)","Via Borgo Bello, 29, 37100 Verona VR, Italy","https://www.google.it/maps/place/McDonald's+Dossobuono/@45.389607,10.9007287,17z/data=!4m6!3m5!1s0x4781e089d18461af:0x1eed8b83b934aa4c!8m2!3d45.389607!4d10.9033036!16s%2Fg%2F11cs39j4gr?entry=ttu&g_ep=EgoyMDI1MDQzMC4xIKXMDSoASAFQAw%3D%3D",2025-11-17,Not busy
47% busy at 6 PM.,McDonald's Dossobuono,"4.0 (4,213)","Via Borgo Bello, 29, 37100 Verona VR, Italy","https://www.google.it/maps/place/McDonald's+Dossobuono/@45.389607,10.9007287,17z/data=!4m6!3m5!1s0x4781e089d18461af:0x1eed8b83b934aa4c!8m2!3d45.389607!4d10.9033036!16s%2Fg%2F11cs39j4gr?entry=ttu&g_ep=EgoyMDI1MDQzMC4xIKXMDSoASAFQAw%3D%3D",2025-11-17,Not busy
56% busy at 7 PM.,McDonald's Dossobuono,"4.0 (4,213)","Via Borgo Bello, 29, 37100 Verona VR, Italy","https://www.google.it/maps/place/McDonald's+Dossobuono/@45.389607,10.9007287,17z/data=!4m6!3m5!1s0x4781e089d18461af:0x1eed8b83b934aa4c!8m2!3d45.389607!4d10.9033036!16s%2Fg%2F11cs39j4gr?entry=ttu&g_ep=EgoyMDI1MDQzMC4xIKXMDSoASAFQAw%3D%3D",2025-11-17,Not busy
59% busy at 8 PM.,McDonald's Dossobuono,"4.0 (4,213)","Via Borgo Bello, 29, 37100 Verona VR, Italy","https://www.google.it/maps/place/McDonald's+Dossobuono/@45.389607,10.9007287,17z/data=!4m6!3m5!1s0x4781e089d18461af:0x1eed8b83b934aa4c!8m2!3d45.389607!4d10.9033036!16s%2Fg%2F11cs39j4gr?entry=ttu&g_ep=EgoyMDI1MDQzMC4xIKXMDSoASAFQAw%3D%3D",2025-11-17,Not busy
53% busy at 9 PM.,McDonald's Dossobuono,"4.0 (4,213)","Via Borgo Bello, 29, 37100 Verona VR, Italy","https://www.google.it/maps/place/McDonald's+Dossobuono/@45.389607,10.9007287,17z/data=!4m6!3m5!1s0x4781e089d18461af:0x1eed8b83b934aa4c!8m2!3d45.389607!4d10.9033036!16s%2Fg%2F11cs39j4gr?entry=ttu&g_ep=EgoyMDI1MDQzMC4xIKXMDSoASAFQAw%3D%3D",2025-11-17,Not busy
45% busy at 10 PM.,McDonald's Dossobuono,"4.0 (4,213)","Via Borgo Bello, 29, 37100 Verona VR, Italy","https://www.google.it/maps/place/McDonald's+Dossobuono/@45.389607,10.9007287,17z/data=!4m6!3m5!1s0x4781e089d18461af:0x1eed8b83b934aa4c!8m2!3d45.389607!4d10.9033036!16s%2Fg%2F11cs39j4gr?entry=ttu&g_ep=EgoyMDI1MDQzMC4xIKXMDSoASAFQAw%3D%3D",2025-11-17,Not busy
31% busy at 11 PM.,McDonald's Dossobuono,"4.0 (4,213)","Via Borgo Bello, 29, 37100 Verona VR, Italy","https://www.google.it/maps/place/McDonald's+Dossobuono/@45.389607,10.9007287,17z/data=!4m6!3m5!1s0x4781e089d18461af:0x1eed8b83b934aa4c!8m2!3d45.389607!4d10.9033036!16s%2Fg%2F11cs39j4gr?entry=ttu&g_ep=EgoyMDI1MDQzMC4xIKXMDSoASAFQAw%3D%3D",2025-11-17,Not busy
16% busy at 12 AM.,McDonald's Dossobuono,"4.0 (4,213)","Via Borgo Bello, 29, 37100 Verona VR, Italy","https://www.google.it/maps/place/McDonald's+Dossobuono/@45.389607,10.9007287,17z/data=!4m6!3m5!1s0x4781e089d18461af:0x1eed8b83b934aa4c!8m2!3d45.389607!4d10.9033036!16s%2Fg%2F11cs39j4gr?entry=ttu&g_ep=EgoyMDI1MDQzMC4xIKXMDSoASAFQAw%3D%3D",2025-11-17,Not busy
0% busy at 6 AM.,McDonald's Dossobuono,"4.0 (4,213)","Via Borgo Bello, 29, 37100 Verona VR, Italy","https://www.google.it/maps/place/McDonald's+Dossobuono/@45.389607,10.9007287,17z/data=!4m6!3m5!1s0x4781e089d18461af:0x1eed8b83b934aa4c!8m2!3d45.389607!4d10.9033036!16s%2Fg%2F11cs39j4gr?entry=ttu&g_ep=EgoyMDI1MDQzMC4xIKXMDSoASAFQAw%3D%3D",2025-11-17,Not busy
20% busy at 7 AM.,McDonald's Dossobuono,"4.0 (4,213)","Via Borgo Bello, 29, 37100 Verona VR, Italy","https://www.google.it/maps/place/McDonald's+Dossobuono/@45.389607,10.9007287,17z/data=!4m6!3m5!1s0x4781e089d18461af:0x1eed8b83b934aa4c!8m2!3d45.389607!4d10.9033036!16s%2Fg%2F11cs39j4gr?entry=ttu&g_ep=EgoyMDI1MDQzMC4xIKXMDSoASAFQAw%3D%3D",2025-11-17,Not busy
24% busy at 8 AM.,McDonald's Dossobuono,"4.0 (4,213)","Via Borgo Bello, 29, 37100 Verona VR, Italy","https://www.google.it/maps/place/McDonald's+Dossobuono/@45.389607,10.9007287,17z/data=!4m6!3m5!1s0x4781e089d18461af:0x1eed8b83b934aa4c!8m2!3d45.389607!4d10.9033036!16s%2Fg%2F11cs39j4gr?entry=ttu&g_ep=EgoyMDI1MDQzMC4xIKXMDSoASAFQAw%3D%3D",2025-11-17,Not busy
24% busy at 9 AM.,McDonald's Dossobuono,"4.0 (4,213)","Via Borgo Bello, 29, 37100 Verona VR, Italy","https://www.google.it/maps/place/McDonald's+Dossobuono/@45.389607,10.9007287,17z/data=!4m6!3m5!1s0x4781e089d18461af:0x1eed8b83b934aa4c!8m2!3d45.389607!4d10.9033036!16s%2Fg%2F11cs39j4gr?entry=ttu&g_ep=EgoyMDI1MDQzMC4xIKXMDSoASAFQAw%3D%3D",2025-11-17,Not busy
26% busy at 10 AM.,McDonald's Dossobuono,"4.0 (4,213)","Via Borgo Bello, 29, 37100 Verona VR, Italy","https://www.google.it/maps/place/McDonald's+Dossobuono/@45.389607,10.9007287,17z/data=!4m6!3m5!1s0x4781e089d18461af:0x1eed8b83b934aa4c!8m2!3d45.389607!4d10.9033036!16s%2Fg%2F11cs39j4gr?entry=ttu&g_ep=EgoyMDI1MDQzMC4xIKXMDSoASAFQAw%3D%3D",2025-11-17,Not busy
35% busy at 11 AM.,McDonald's Dossobuono,"4.0 (4,213)","Via Borgo Bello, 29, 37100 Verona VR, Italy","https://www.google.it/maps/place/McDonald's+Dossobuono/@45.389607,10.9007287,17z/data=!4m6!3m5!1s0x4781e089d18461af:0x1eed8b83b934aa4c!8m2!3d45.389607!4d10.9033036!16s%2Fg%2F11cs39j4gr?entry=ttu&g_ep=EgoyMDI1MDQzMC4xIKXMDSoASAFQAw%3D%3D",2025-11-17,Not busy
50% busy at 12 PM.,McDonald's Dossobuono,"4.0 (4,213)","Via Borgo Bello, 29, 37100 Verona VR, Italy","https://www.google.it/maps/place/McDonald's+Dossobuono/@45.389607,10.9007287,17z/data=!4m6!3m5!1s0x4781e089d18461af:0x1eed8b83b934aa4c!8m2!3d45.389607!4d10.9033036!16s%2Fg%2F11cs39j4gr?entry=ttu&g_ep=EgoyMDI1MDQzMC4xIKXMDSoASAFQAw%3D%3D",2025-11-17,Not busy
55% busy at 1 PM.,McDonald's Dossobuono,"4.0 (4,213)","Via Borgo Bello, 29, 37100 Verona VR, Italy","https://www.google.it/maps/place/McDonald's+Dossobuono/@45.389607,10.9007287,17z/data=!4m6!3m5!1s0x4781e089d18461af:0x1eed8b83b934aa4c!8m2!3d45.389607!4d10.9033036!16s%2Fg%2F11cs39j4gr?entry=ttu&g_ep=EgoyMDI1MDQzMC4xIKXMDSoASAFQAw%3D%3D",2025-11-17,Not busy
49% busy at 2 PM.,McDonald's Dossobuono,"4.0 (4,213)","Via Borgo Bello, 29, 37100 Verona VR, Italy","https://www.google.it/maps/place/McDonald's+Dossobuono/@45.389607,10.9007287,17z/data=!4m6!3m5!1s0x4781e089d18461af:0x1eed8b83b934aa4c!8m2!3d45.389607!4d10.9033036!16s%2Fg%2F11cs39j4gr?entry=ttu&g_ep=EgoyMDI1MDQzMC4xIKXMDSoASAFQAw%3D%3D",2025-11-17,Not busy
40% busy at 3 PM.,McDonald's Dossobuono,"4.0 (4,213)","Via Borgo Bello, 29, 37100 Verona VR, Italy","https://www.google.it/maps/place/McDonald's+Dossobuono/@45.389607,10.9007287,17z/data=!4m6!3m5!1s0x4781e089d18461af:0x1eed8b83b934aa4c!8m2!3d45.389607!4d10.9033036!16s%2Fg%2F11cs39j4gr?entry=ttu&g_ep=EgoyMDI1MDQzMC4xIKXMDSoASAFQAw%3D%3D",2025-11-17,Not busy
35% busy at 4 PM.,McDonald's Dossobuono,"4.0 (4,213)","Via Borgo Bello, 29, 37100 Verona VR, Italy","https://www.google.it/maps/place/McDonald's+Dossobuono/@45.389607,10.9007287,17z/data=!4m6!3m5!1s0x4781e089d18461af:0x1eed8b83b934aa4c!8m2!3d45.389607!4d10.9033036!16s%2Fg%2F11cs39j4gr?entry=ttu&g_ep=EgoyMDI1MDQzMC4xIKXMDSoASAFQAw%3D%3D",2025-11-17,Not busy
34% busy at 5 PM.,McDonald's Dossobuono,"4.0 (4,213)","Via Borgo Bello, 29, 37100 Verona VR, Italy","https://www.google.it/maps/place/McDonald's+Dossobuono/@45.389607,10.9007287,17z/data=!4m6!3m5!1s0x4781e089d18461af:0x1eed8b83b934aa4c!8m2!3d45.389607!4d10.9033036!16s%2Fg%2F11cs39j4gr?entry=ttu&g_ep=EgoyMDI1MDQzMC4xIKXMDSoASAFQAw%3D%3D",2025-11-17,Not busy
45% busy at 6 PM.,McDonald's Dossobuono,"4.0 (4,213)","Via Borgo Bello, 29, 37100 Verona VR, Italy","https://www.google.it/maps/place/McDonald's+Dossobuono/@45.389607,10.9007287,17z/data=!4m6!3m5!1s0x4781e089d18461af:0x1eed8b83b934aa4c!8m2!3d45.389607!4d10.9033036!16s%2Fg%2F11cs39j4gr?entry=ttu&g_ep=EgoyMDI1MDQzMC4xIKXMDSoASAFQAw%3D%3D",2025-11-17,Not busy
55% busy at 7 PM.,McDonald's Dossobuono,"4.0 (4,213)","Via Borgo Bello, 29, 37100 Verona VR, Italy","https://www.google.it/maps/place/McDonald's+Dossobuono/@45.389607,10.9007287,17z/data=!4m6!3m5!1s0x4781e089d18461af:0x1eed8b83b934aa4c!8m2!3d45.389607!4d10.9033036!16s%2Fg%2F11cs39j4gr?entry=ttu&g_ep=EgoyMDI1MDQzMC4xIKXMDSoASAFQAw%3D%3D",2025-11-17,Not busy
58% busy at 8 PM.,McDonald's Dossobuono,"4.0 (4,213)","Via Borgo Bello, 29, 37100 Verona VR, Italy","https://www.google.it/maps/place/McDonald's+Dossobuono/@45.389607,10.9007287,17z/data=!4m6!3m5!1s0x4781e089d18461af:0x1eed8b83b934aa4c!8m2!3d45.389607!4d10.9033036!16s%2Fg%2F11cs39j4gr?entry=ttu&g_ep=EgoyMDI1MDQzMC4xIKXMDSoASAFQAw%3D%3D",2025-11-17,Not busy
49% busy at 9 PM.,McDonald's Dossobuono,"4.0 (4,213)","Via Borgo Bello, 29, 37100 Verona VR, Italy","https://www.google.it/maps/place/McDonald's+Dossobuono/@45.389607,10.9007287,17z/data=!4m6!3m5!1s0x4781e089d18461af:0x1eed8b83b934aa4c!8m2!3d45.389607!4d10.9033036!16s%2Fg%2F11cs39j4gr?entry=ttu&g_ep=EgoyMDI1MDQzMC4xIKXMDSoASAFQAw%3D%3D",2025-11-17,Not busy
38% busy at 10 PM.,McDonald's Dossobuono,"4.0 (4,213)","Via Borgo Bello, 29, 37100 Verona VR, Italy","https://www.google.it/maps/place/McDonald's+Dossobuono/@45.389607,10.9007287,17z/data=!4m6!3m5!1s0x4781e089d18461af:0x1eed8b83b934aa4c!8m2!3d45.389607!4d10.9033036!16s%2Fg%2F11cs39j4gr?entry=ttu&g_ep=EgoyMDI1MDQzMC4xIKXMDSoASAFQAw%3D%3D",2025-11-17,Not busy
27% busy at 11 PM.,McDonald's Dossobuono,"4.0 (4,213)","Via Borgo Bello, 29, 37100 Verona VR, Italy","https://www.google.it/maps/place/McDonald's+Dossobuono/@45.389607,10.9007287,17z/data=!4m6!3m5!1s0x4781e089d18461af:0x1eed8b83b934aa4c!8m2!3d45.389607!4d10.9033036!16s%2Fg%2F11cs39j4gr?entry=ttu&g_ep=EgoyMDI1MDQzMC4xIKXMDSoASAFQAw%3D%3D",2025-11-17,Not busy
13% busy at 12 AM.,McDonald's Dossobuono,"4.0 (4,213)","Via Borgo Bello, 29, 37100 Verona VR, Italy","https://www.google.it/maps/place/McDonald's+Dossobuono/@45.389607,10.9007287,17z/data=!4m6!3m5!1s0x4781e089d18461af:0x1eed8b83b934aa4c!8m2!3d45.389607!4d10.9033036!16s%2Fg%2F11cs39j4gr?entry=ttu&g_ep=EgoyMDI1MDQzMC4xIKXMDSoASAFQAw%3D%3D",2025-11-17,Not busy
0% busy at 6 AM.,McDonald's Dossobuono,"4.0 (4,213)","Via Borgo Bello, 29, 37100 Verona VR, Italy","https://www.google.it/maps/place/McDonald's+Dossobuono/@45.389607,10.9007287,17z/data=!4m6!3m5!1s0x4781e089d18461af:0x1eed8b83b934aa4c!8m2!3d45.389607!4d10.9033036!16s%2Fg%2F11cs39j4gr?entry=ttu&g_ep=EgoyMDI1MDQzMC4xIKXMDSoASAFQAw%3D%3D",2025-11-17,Not busy
19% busy at 7 AM.,McDonald's Dossobuono,"4.0 (4,213)","Via Borgo Bello, 29, 37100 Verona VR, Italy","https://www.google.it/maps/place/McDonald's+Dossobuono/@45.389607,10.9007287,17z/data=!4m6!3m5!1s0x4781e089d18461af:0x1eed8b83b934aa4c!8m2!3d45.389607!4d10.9033036!16s%2Fg%2F11cs39j4gr?entry=ttu&g_ep=EgoyMDI1MDQzMC4xIKXMDSoASAFQAw%3D%3D",2025-11-17,Not busy
23% busy at 8 AM.,McDonald's Dossobuono,"4.0 (4,213)","Via Borgo Bello, 29, 37100 Verona VR, Italy","https://www.google.it/maps/place/McDonald's+Dossobuono/@45.389607,10.9007287,17z/data=!4m6!3m5!1s0x4781e089d18461af:0x1eed8b83b934aa4c!8m2!3d45.389607!4d10.9033036!16s%2Fg%2F11cs39j4gr?entry=ttu&g_ep=EgoyMDI1MDQzMC4xIKXMDSoASAFQAw%3D%3D",2025-11-17,Not busy
25% busy at 9 AM.,McDonald's Dossobuono,"4.0 (4,213)","Via Borgo Bello, 29, 37100 Verona VR, Italy","https://www.google.it/maps/place/McDonald's+Dossobuono/@45.389607,10.9007287,17z/data=!4m6!3m5!1s0x4781e089d18461af:0x1eed8b83b934aa4c!8m2!3d45.389607!4d10.9033036!16s%2Fg%2F11cs39j4gr?entry=ttu&g_ep=EgoyMDI1MDQzMC4xIKXMDSoASAFQAw%3D%3D",2025-11-17,Not busy
29% busy at 10 AM.,McDonald's Dossobuono,"4.0 (4,213)","Via Borgo Bello, 29, 37100 Verona VR, Italy","https://www.google.it/maps/place/McDonald's+Dossobuono/@45.389607,10.9007287,17z/data=!4m6!3m5!1s0x4781e089d18461af:0x1eed8b83b934aa4c!8m2!3d45.389607!4d10.9033036!16s%2Fg%2F11cs39j4gr?entry=ttu&g_ep=EgoyMDI1MDQzMC4xIKXMDSoASAFQAw%3D%3D",2025-11-17,Not busy
37% busy at 11 AM.,McDonald's Dossobuono,"4.0 (4,213)","Via Borgo Bello, 29, 37100 Verona VR, Italy","https://www.google.it/maps/place/McDonald's+Dossobuono/@45.389607,10.9007287,17z/data=!4m6!3m5!1s0x4781e089d18461af:0x1eed8b83b934aa4c!8m2!3d45.389607!4d10.9033036!16s%2Fg%2F11cs39j4gr?entry=ttu&g_ep=EgoyMDI1MDQzMC4xIKXMDSoASAFQAw%3D%3D",2025-11-17,Not busy
53% busy at 12 PM.,McDonald's Dossobuono,"4.0 (4,213)","Via Borgo Bello, 29, 37100 Verona VR, Italy","https://www.google.it/maps/place/McDonald's+Dossobuono/@45.389607,10.9007287,17z/data=!4m6!3m5!1s0x4781e089d18461af:0x1eed8b83b934aa4c!8m2!3d45.389607!4d10.9033036!16s%2Fg%2F11cs39j4gr?entry=ttu&g_ep=EgoyMDI1MDQzMC4xIKXMDSoASAFQAw%3D%3D",2025-11-17,Not busy
59% busy at 1 PM.,McDonald's Dossobuono,"4.0 (4,213)","Via Borgo Bello, 29, 37100 Verona VR, Italy","https://www.google.it/maps/place/McDonald's+Dossobuono/@45.389607,10.9007287,17z/data=!4m6!3m5!1s0x4781e089d18461af:0x1eed8b83b934aa4c!8m2!3d45.389607!4d10.9033036!16s%2Fg%2F11cs39j4gr?entry=ttu&g_ep=EgoyMDI1MDQzMC4xIKXMDSoASAFQAw%3D%3D",2025-11-17,Not busy
54% busy at 2 PM.,McDonald's Dossobuono,"4.0 (4,213)","Via Borgo Bello, 29, 37100 Verona VR, Italy","https://www.google.it/maps/place/McDonald's+Dossobuono/@45.389607,10.9007287,17z/data=!4m6!3m5!1s0x4781e089d18461af:0x1eed8b83b934aa4c!8m2!3d45.389607!4d10.9033036!16s%2Fg%2F11cs39j4gr?entry=ttu&g_ep=EgoyMDI1MDQzMC4xIKXMDSoASAFQAw%3D%3D",2025-11-17,Not busy
41% busy at 3 PM.,McDonald's Dossobuono,"4.0 (4,213)","Via Borgo Bello, 29, 37100 Verona VR, Italy","https://www.google.it/maps/place/McDonald's+Dossobuono/@45.389607,10.9007287,17z/data=!4m6!3m5!1s0x4781e089d18461af:0x1eed8b83b934aa4c!8m2!3d45.389607!4d10.9033036!16s%2Fg%2F11cs39j4gr?entry=ttu&g_ep=EgoyMDI1MDQzMC4xIKXMDSoASAFQAw%3D%3D",2025-11-17,Not busy
37% busy at 4 PM.,McDonald's Dossobuono,"4.0 (4,213)","Via Borgo Bello, 29, 37100 Verona VR, Italy","https://www.google.it/maps/place/McDonald's+Dossobuono/@45.389607,10.9007287,17z/data=!4m6!3m5!1s0x4781e089d18461af:0x1eed8b83b934aa4c!8m2!3d45.389607!4d10.9033036!16s%2Fg%2F11cs39j4gr?entry=ttu&g_ep=EgoyMDI1MDQzMC4xIKXMDSoASAFQAw%3D%3D",2025-11-17,Not busy
40% busy at 5 PM.,McDonald's Dossobuono,"4.0 (4,213)","Via Borgo Bello, 29, 37100 Verona VR, Italy","https://www.google.it/maps/place/McDonald's+Dossobuono/@45.389607,10.9007287,17z/data=!4m6!3m5!1s0x4781e089d18461af:0x1eed8b83b934aa4c!8m2!3d45.389607!4d10.9033036!16s%2Fg%2F11cs39j4gr?entry=ttu&g_ep=EgoyMDI1MDQzMC4xIKXMDSoASAFQAw%3D%3D",2025-11-17,Not busy
52% busy at 6 PM.,McDonald's Dossobuono,"4.0 (4,213)","Via Borgo Bello, 29, 37100 Verona VR, Italy","https://www.google.it/maps/place/McDonald's+Dossobuono/@45.389607,10.9007287,17z/data=!4m6!3m5!1s0x4781e089d18461af:0x1eed8b83b934aa4c!8m2!3d45.389607!4d10.9033036!16s%2Fg%2F11cs39j4gr?entry=ttu&g_ep=EgoyMDI1MDQzMC4xIKXMDSoASAFQAw%3D%3D",2025-11-17,Not busy
65% busy at 7 PM.,McDonald's Dossobuono,"4.0 (4,213)","Via Borgo Bello, 29, 37100 Verona VR, Italy","https://www.google.it/maps/place/McDonald's+Dossobuono/@45.389607,10.9007287,17z/data=!4m6!3m5!1s0x4781e089d18461af:0x1eed8b83b934aa4c!8m2!3d45.389607!4d10.9033036!16s%2Fg%2F11cs39j4gr?entry=ttu&g_ep=EgoyMDI1MDQzMC4xIKXMDSoASAFQAw%3D%3D",2025-11-17,Not busy
69% busy at 8 PM.,McDonald's Dossobuono,"4.0 (4,213)","Via Borgo Bello, 29, 37100 Verona VR, Italy","https://www.google.it/maps/place/McDonald's+Dossobuono/@45.389607,10.9007287,17z/data=!4m6!3m5!1s0x4781e089d18461af:0x1eed8b83b934aa4c!8m2!3d45.389607!4d10.9033036!16s%2Fg%2F11cs39j4gr?entry=ttu&g_ep=EgoyMDI1MDQzMC4xIKXMDSoASAFQAw%3D%3D",2025-11-17,Not busy
66% busy at 9 PM.,McDonald's Dossobuono,"4.0 (4,213)","Via Borgo Bello, 29, 37100 Verona VR, Italy","https://www.google.it/maps/place/McDonald's+Dossobuono/@45.389607,10.9007287,17z/data=!4m6!3m5!1s0x4781e089d18461af:0x1eed8b83b934aa4c!8m2!3d45.389607!4d10.9033036!16s%2Fg%2F11cs39j4gr?entry=ttu&g_ep=EgoyMDI1MDQzMC4xIKXMDSoASAFQAw%3D%3D",2025-11-17,Not busy
55% busy at 10 PM.,McDonald's Dossobuono,"4.0 (4,213)","Via Borgo Bello, 29, 37100 Verona VR, Italy","https://www.google.it/maps/place/McDonald's+Dossobuono/@45.389607,10.9007287,17z/data=!4m6!3m5!1s0x4781e089d18461af:0x1eed8b83b934aa4c!8m2!3d45.389607!4d10.9033036!16s%2Fg%2F11cs39j4gr?entry=ttu&g_ep=EgoyMDI1MDQzMC4xIKXMDSoASAFQAw%3D%3D",2025-11-17,Not busy
40% busy at 11 PM.,McDonald's Dossobuono,"4.0 (4,213)","Via Borgo Bello, 29, 37100 Verona VR, Italy","https://www.google.it/maps/place/McDonald's+Dossobuono/@45.389607,10.9007287,17z/data=!4m6!3m5!1s0x4781e089d18461af:0x1eed8b83b934aa4c!8m2!3d45.389607!4d10.9033036!16s%2Fg%2F11cs39j4gr?entry=ttu&g_ep=EgoyMDI1MDQzMC4xIKXMDSoASAFQAw%3D%3D",2025-11-17,Not busy
23% busy at 12 AM.,McDonald's Dossobuono,"4.0 (4,213)","Via Borgo Bello, 29, 37100 Verona VR, Italy","https://www.google.it/maps/place/McDonald's+Dossobuono/@45.389607,10.9007287,17z/data=!4m6!3m5!1s0x4781e089d18461af:0x1eed8b83b934aa4c!8m2!3d45.389607!4d10.9033036!16s%2Fg%2F11cs39j4gr?entry=ttu&g_ep=EgoyMDI1MDQzMC4xIKXMDSoASAFQAw%3D%3D",2025-11-17,Not busy
0% busy at 6 AM.,McDonald's Dossobuono,"4.0 (4,213)","Via Borgo Bello, 29, 37100 Verona VR, Italy","https://www.google.it/maps/place/McDonald's+Dossobuono/@45.389607,10.9007287,17z/data=!4m6!3m5!1s0x4781e089d18461af:0x1eed8b83b934aa4c!8m2!3d45.389607!4d10.9033036!16s%2Fg%2F11cs39j4gr?entry=ttu&g_ep=EgoyMDI1MDQzMC4xIKXMDSoASAFQAw%3D%3D",2025-11-17,Not busy
24% busy at 7 AM.,McDonald's Dossobuono,"4.0 (4,213)","Via Borgo Bello, 29, 37100 Verona VR, Italy","https://www.google.it/maps/place/McDonald's+Dossobuono/@45.389607,10.9007287,17z/data=!4m6!3m5!1s0x4781e089d18461af:0x1eed8b83b934aa4c!8m2!3d45.389607!4d10.9033036!16s%2Fg%2F11cs39j4gr?entry=ttu&g_ep=EgoyMDI1MDQzMC4xIKXMDSoASAFQAw%3D%3D",2025-11-17,Not busy
28% busy at 8 AM.,McDonald's Dossobuono,"4.0 (4,213)","Via Borgo Bello, 29, 37100 Verona VR, Italy","https://www.google.it/maps/place/McDonald's+Dossobuono/@45.389607,10.9007287,17z/data=!4m6!3m5!1s0x4781e089d18461af:0x1eed8b83b934aa4c!8m2!3d45.389607!4d10.9033036!16s%2Fg%2F11cs39j4gr?entry=ttu&g_ep=EgoyMDI1MDQzMC4xIKXMDSoASAFQAw%3D%3D",2025-11-17,Not busy
26% busy at 9 AM.,McDonald's Dossobuono,"4.0 (4,213)","Via Borgo Bello, 29, 37100 Verona VR, Italy","https://www.google.it/maps/place/McDonald's+Dossobuono/@45.389607,10.9007287,17z/data=!4m6!3m5!1s0x4781e089d18461af:0x1eed8b83b934aa4c!8m2!3d45.389607!4d10.9033036!16s%2Fg%2F11cs39j4gr?entry=ttu&g_ep=EgoyMDI1MDQzMC4xIKXMDSoASAFQAw%3D%3D",2025-11-17,Not busy
28% busy at 10 AM.,McDonald's Dossobuono,"4.0 (4,213)","Via Borgo Bello, 29, 37100 Verona VR, Italy","https://www.google.it/maps/place/McDonald's+Dossobuono/@45.389607,10.9007287,17z/data=!4m6!3m5!1s0x4781e089d18461af:0x1eed8b83b934aa4c!8m2!3d45.389607!4d10.9033036!16s%2Fg%2F11cs39j4gr?entry=ttu&g_ep=EgoyMDI1MDQzMC4xIKXMDSoASAFQAw%3D%3D",2025-11-17,Not busy
37% busy at 11 AM.,McDonald's Dossobuono,"4.0 (4,213)","Via Borgo Bello, 29, 37100 Verona VR, Italy","https://www.google.it/maps/place/McDonald's+Dossobuono/@45.389607,10.9007287,17z/data=!4m6!3m5!1s0x4781e089d18461af:0x1eed8b83b934aa4c!8m2!3d45.389607!4d10.9033036!16s%2Fg%2F11cs39j4gr?entry=ttu&g_ep=EgoyMDI1MDQzMC4xIKXMDSoASAFQAw%3D%3D",2025-11-17,Not busy
53% busy at 12 PM.,McDonald's Dossobuono,"4.0 (4,213)","Via Borgo Bello, 29, 37100 Verona VR, Italy","https://www.google.it/maps/place/McDonald's+Dossobuono/@45.389607,10.9007287,17z/data=!4m6!3m5!1s0x4781e089d18461af:0x1eed8b83b934aa4c!8m2!3d45.389607!4d10.9033036!16s%2Fg%2F11cs39j4gr?entry=ttu&g_ep=EgoyMDI1MDQzMC4xIKXMDSoASAFQAw%3D%3D",2025-11-17,Not busy
60% busy at 1 PM.,McDonald's Dossobuono,"4.0 (4,213)","Via Borgo Bello, 29, 37100 Verona VR, Italy","https://www.google.it/maps/place/McDonald's+Dossobuono/@45.389607,10.9007287,17z/data=!4m6!3m5!1s0x4781e089d18461af:0x1eed8b83b934aa4c!8m2!3d45.389607!4d10.9033036!16s%2Fg%2F11cs39j4gr?entry=ttu&g_ep=EgoyMDI1MDQzMC4xIKXMDSoASAFQAw%3D%3D",2025-11-17,Not busy
51% busy at 2 PM.,McDonald's Dossobuono,"4.0 (4,213)","Via Borgo Bello, 29, 37100 Verona VR, Italy","https://www.google.it/maps/place/McDonald's+Dossobuono/@45.389607,10.9007287,17z/data=!4m6!3m5!1s0x4781e089d18461af:0x1eed8b83b934aa4c!8m2!3d45.389607!4d10.9033036!16s%2Fg%2F11cs39j4gr?entry=ttu&g_ep=EgoyMDI1MDQzMC4xIKXMDSoASAFQAw%3D%3D",2025-11-17,Not busy
41% busy at 3 PM.,McDonald's Dossobuono,"4.0 (4,213)","Via Borgo Bello, 29, 37100 Verona VR, Italy","https://www.google.it/maps/place/McDonald's+Dossobuono/@45.389607,10.9007287,17z/data=!4m6!3m5!1s0x4781e089d18461af:0x1eed8b83b934aa4c!8m2!3d45.389607!4d10.9033036!16s%2Fg%2F11cs39j4gr?entry=ttu&g_ep=EgoyMDI1MDQzMC4xIKXMDSoASAFQAw%3D%3D",2025-11-17,Not busy
36% busy at 4 PM.,McDonald's Dossobuono,"4.0 (4,213)","Via Borgo Bello, 29, 37100 Verona VR, Italy","https://www.google.it/maps/place/McDonald's+Dossobuono/@45.389607,10.9007287,17z/data=!4m6!3m5!1s0x4781e089d18461af:0x1eed8b83b934aa4c!8m2!3d45.389607!4d10.9033036!16s%2Fg%2F11cs39j4gr?entry=ttu&g_ep=EgoyMDI1MDQzMC4xIKXMDSoASAFQAw%3D%3D",2025-11-17,Not busy
39% busy at 5 PM.,McDonald's Dossobuono,"4.0 (4,213)","Via Borgo Bello, 29, 37100 Verona VR, Italy","https://www.google.it/maps/place/McDonald's+Dossobuono/@45.389607,10.9007287,17z/data=!4m6!3m5!1s0x4781e089d18461af:0x1eed8b83b934aa4c!8m2!3d45.389607!4d10.9033036!16s%2Fg%2F11cs39j4gr?entry=ttu&g_ep=EgoyMDI1MDQzMC4xIKXMDSoASAFQAw%3D%3D",2025-11-17,Not busy
51% busy at 6 PM.,McDonald's Dossobuono,"4.0 (4,213)","Via Borgo Bello, 29, 37100 Verona VR, Italy","https://www.google.it/maps/place/McDonald's+Dossobuono/@45.389607,10.9007287,17z/data=!4m6!3m5!1s0x4781e089d18461af:0x1eed8b83b934aa4c!8m2!3d45.389607!4d10.9033036!16s%2Fg%2F11cs39j4gr?entry=ttu&g_ep=EgoyMDI1MDQzMC4xIKXMDSoASAFQAw%3D%3D",2025-11-17,Not busy
64% busy at 7 PM.,McDonald's Dossobuono,"4.0 (4,213)","Via Borgo Bello, 29, 37100 Verona VR, Italy","https://www.google.it/maps/place/McDonald's+Dossobuono/@45.389607,10.9007287,17z/data=!4m6!3m5!1s0x4781e089d18461af:0x1eed8b83b934aa4c!8m2!3d45.389607!4d10.9033036!16s%2Fg%2F11cs39j4gr?entry=ttu&g_ep=EgoyMDI1MDQzMC4xIKXMDSoASAFQAw%3D%3D",2025-11-17,Not busy
66% busy at 8 PM.,McDonald's Dossobuono,"4.0 (4,213)","Via Borgo Bello, 29, 37100 Verona VR, Italy","https://www.google.it/maps/place/McDonald's+Dossobuono/@45.389607,10.9007287,17z/data=!4m6!3m5!1s0x4781e089d18461af:0x1eed8b83b934aa4c!8m2!3d45.389607!4d10.9033036!16s%2Fg%2F11cs39j4gr?entry=ttu&g_ep=EgoyMDI1MDQzMC4xIKXMDSoASAFQAw%3D%3D",2025-11-17,Not busy
57% busy at 9 PM.,McDonald's Dossobuono,"4.0 (4,213)","Via Borgo Bello, 29, 37100 Verona VR, Italy","https://www.google.it/maps/place/McDonald's+Dossobuono/@45.389607,10.9007287,17z/data=!4m6!3m5!1s0x4781e089d18461af:0x1eed8b83b934aa4c!8m2!3d45.389607!4d10.9033036!16s%2Fg%2F11cs39j4gr?entry=ttu&g_ep=EgoyMDI1MDQzMC4xIKXMDSoASAFQAw%3D%3D",2025-11-17,Not busy
43% busy at 10 PM.,McDonald's Dossobuono,"4.0 (4,213)","Via Borgo Bello, 29, 37100 Verona VR, Italy","https://www.google.it/maps/place/McDonald's+Dossobuono/@45.389607,10.9007287,17z/data=!4m6!3m5!1s0x4781e089d18461af:0x1eed8b83b934aa4c!8m2!3d45.389607!4d10.9033036!16s%2Fg%2F11cs39j4gr?entry=ttu&g_ep=EgoyMDI1MDQzMC4xIKXMDSoASAFQAw%3D%3D",2025-11-17,Not busy
28% busy at 11 PM.,McDonald's Dossobuono,"4.0 (4,213)","Via Borgo Bello, 29, 37100 Verona VR, Italy","https://www.google.it/maps/place/McDonald's+Dossobuono/@45.389607,10.9007287,17z/data=!4m6!3m5!1s0x4781e089d18461af:0x1eed8b83b934aa4c!8m2!3d45.389607!4d10.9033036!16s%2Fg%2F11cs39j4gr?entry=ttu&g_ep=EgoyMDI1MDQzMC4xIKXMDSoASAFQAw%3D%3D",2025-11-17,Not busy
17% busy at 12 AM.,McDonald's Dossobuono,"4.0 (4,213)","Via Borgo Bello, 29, 37100 Verona VR, Italy","https://www.google.it/maps/place/McDonald's+Dossobuono/@45.389607,10.9007287,17z/data=!4m6!3m5!1s0x4781e089d18461af:0x1eed8b83b934aa4c!8m2!3d45.389607!4d10.9033036!16s%2Fg%2F11cs39j4gr?entry=ttu&g_ep=EgoyMDI1MDQzMC4xIKXMDSoASAFQAw%3D%3D",2025-11-17,Not busy
0% busy at 6 AM.,McDonald's Dossobuono,"4.0 (4,213)","Via Borgo Bello, 29, 37100 Verona VR, Italy","https://www.google.it/maps/place/McDonald's+Dossobuono/@45.389607,10.9007287,17z/data=!4m6!3m5!1s0x4781e089d18461af:0x1eed8b83b934aa4c!8m2!3d45.389607!4d10.9033036!16s%2Fg%2F11cs39j4gr?entry=ttu&g_ep=EgoyMDI1MDQzMC4xIKXMDSoASAFQAw%3D%3D",2025-11-17,Not busy
25% busy at 7 AM.,McDonald's Dossobuono,"4.0 (4,213)","Via Borgo Bello, 29, 37100 Verona VR, Italy","https://www.google.it/maps/place/McDonald's+Dossobuono/@45.389607,10.9007287,17z/data=!4m6!3m5!1s0x4781e089d18461af:0x1eed8b83b934aa4c!8m2!3d45.389607!4d10.9033036!16s%2Fg%2F11cs39j4gr?entry=ttu&g_ep=EgoyMDI1MDQzMC4xIKXMDSoASAFQAw%3D%3D",2025-11-17,Not busy
34% busy at 8 AM.,McDonald's Dossobuono,"4.0 (4,213)","Via Borgo Bello, 29, 37100 Verona VR, Italy","https://www.google.it/maps/place/McDonald's+Dossobuono/@45.389607,10.9007287,17z/data=!4m6!3m5!1s0x4781e089d18461af:0x1eed8b83b934aa4c!8m2!3d45.389607!4d10.9033036!16s%2Fg%2F11cs39j4gr?entry=ttu&g_ep=EgoyMDI1MDQzMC4xIKXMDSoASAFQAw%3D%3D",2025-11-17,Not busy
39% busy at 9 AM.,McDonald's Dossobuono,"4.0 (4,213)","Via Borgo Bello, 29, 37100 Verona VR, Italy","https://www.google.it/maps/place/McDonald's+Dossobuono/@45.389607,10.9007287,17z/data=!4m6!3m5!1s0x4781e089d18461af:0x1eed8b83b934aa4c!8m2!3d45.389607!4d10.9033036!16s%2Fg%2F11cs39j4gr?entry=ttu&g_ep=EgoyMDI1MDQzMC4xIKXMDSoASAFQAw%3D%3D",2025-11-17,Not busy
42% busy at 10 AM.,McDonald's Dossobuono,"4.0 (4,213)","Via Borgo Bello, 29, 37100 Verona VR, Italy","https://www.google.it/maps/place/McDonald's+Dossobuono/@45.389607,10.9007287,17z/data=!4m6!3m5!1s0x4781e089d18461af:0x1eed8b83b934aa4c!8m2!3d45.389607!4d10.9033036!16s%2Fg%2F11cs39j4gr?entry=ttu&g_ep=EgoyMDI1MDQzMC4xIKXMDSoASAFQAw%3D%3D",2025-11-17,Not busy
52% busy at 11 AM.,McDonald's Dossobuono,"4.0 (4,213)","Via Borgo Bello, 29, 37100 Verona VR, Italy","https://www.google.it/maps/place/McDonald's+Dossobuono/@45.389607,10.9007287,17z/data=!4m6!3m5!1s0x4781e089d18461af:0x1eed8b83b934aa4c!8m2!3d45.389607!4d10.9033036!16s%2Fg%2F11cs39j4gr?entry=ttu&g_ep=EgoyMDI1MDQzMC4xIKXMDSoASAFQAw%3D%3D",2025-11-17,Not busy
69% busy at 12 PM.,McDonald's Dossobuono,"4.0 (4,213)","Via Borgo Bello, 29, 37100 Verona VR, Italy","https://www.google.it/maps/place/McDonald's+Dossobuono/@45.389607,10.9007287,17z/data=!4m6!3m5!1s0x4781e089d18461af:0x1eed8b83b934aa4c!8m2!3d45.389607!4d10.9033036!16s%2Fg%2F11cs39j4gr?entry=ttu&g_ep=EgoyMDI1MDQzMC4xIKXMDSoASAFQAw%3D%3D",2025-11-17,Not busy
74% busy at 1 PM.,McDonald's Dossobuono,"4.0 (4,213)","Via Borgo Bello, 29, 37100 Verona VR, Italy","https://www.google.it/maps/place/McDonald's+Dossobuono/@45.389607,10.9007287,17z/data=!4m6!3m5!1s0x4781e089d18461af:0x1eed8b83b934aa4c!8m2!3d45.389607!4d10.9033036!16s%2Fg%2F11cs39j4gr?entry=ttu&g_ep=EgoyMDI1MDQzMC4xIKXMDSoASAFQAw%3D%3D",2025-11-17,Not busy
63% busy at 2 PM.,McDonald's Dossobuono,"4.0 (4,213)","Via Borgo Bello, 29, 37100 Verona VR, Italy","https://www.google.it/maps/place/McDonald's+Dossobuono/@45.389607,10.9007287,17z/data=!4m6!3m5!1s0x4781e089d18461af:0x1eed8b83b934aa4c!8m2!3d45.389607!4d10.9033036!16s%2Fg%2F11cs39j4gr?entry=ttu&g_ep=EgoyMDI1MDQzMC4xIKXMDSoASAFQAw%3D%3D",2025-11-17,Not busy
45% busy at 3 PM.,McDonald's Dossobuono,"4.0 (4,213)","Via Borgo Bello, 29, 37100 Verona VR, Italy","https://www.google.it/maps/place/McDonald's+Dossobuono/@45.389607,10.9007287,17z/data=!4m6!3m5!1s0x4781e089d18461af:0x1eed8b83b934aa4c!8m2!3d45.389607!4d10.9033036!16s%2Fg%2F11cs39j4gr?entry=ttu&g_ep=EgoyMDI1MDQzMC4xIKXMDSoASAFQAw%3D%3D",2025-11-17,Not busy
34% busy at 4 PM.,McDonald's Dossobuono,"4.0 (4,213)","Via Borgo Bello, 29, 37100 Verona VR, Italy","https://www.google.it/maps/place/McDonald's+Dossobuono/@45.389607,10.9007287,17z/data=!4m6!3m5!1s0x4781e089d18461af:0x1eed8b83b934aa4c!8m2!3d45.389607!4d10.9033036!16s%2Fg%2F11cs39j4gr?entry=ttu&g_ep=EgoyMDI1MDQzMC4xIKXMDSoASAFQAw%3D%3D",2025-11-17,Not busy
41% busy at 5 PM.,McDonald's Dossobuono,"4.0 (4,213)","Via Borgo Bello, 29, 37100 Verona VR, Italy","https://www.google.it/maps/place/McDonald's+Dossobuono/@45.389607,10.9007287,17z/data=!4m6!3m5!1s0x4781e089d18461af:0x1eed8b83b934aa4c!8m2!3d45.389607!4d10.9033036!16s%2Fg%2F11cs39j4gr?entry=ttu&g_ep=EgoyMDI1MDQzMC4xIKXMDSoASAFQAw%3D%3D",2025-11-17,Not busy
62% busy at 6 PM.,McDonald's Dossobuono,"4.0 (4,213)","Via Borgo Bello, 29, 37100 Verona VR, Italy","https://www.google.it/maps/place/McDonald's+Dossobuono/@45.389607,10.9007287,17z/data=!4m6!3m5!1s0x4781e089d18461af:0x1eed8b83b934aa4c!8m2!3d45.389607!4d10.9033036!16s%2Fg%2F11cs39j4gr?entry=ttu&g_ep=EgoyMDI1MDQzMC4xIKXMDSoASAFQAw%3D%3D",2025-11-17,Not busy
91% busy at 7 PM.,McDonald's Dossobuono,"4.0 (4,213)","Via Borgo Bello, 29, 37100 Verona VR, Italy","https://www.google.it/maps/place/McDonald's+Dossobuono/@45.389607,10.9007287,17z/data=!4m6!3m5!1s0x4781e089d18461af:0x1eed8b83b934aa4c!8m2!3d45.389607!4d10.9033036!16s%2Fg%2F11cs39j4gr?entry=ttu&g_ep=EgoyMDI1MDQzMC4xIKXMDSoASAFQAw%3D%3D",2025-11-17,Not busy
100% busy at 8 PM.,McDonald's Dossobuono,"4.0 (4,213)","Via Borgo Bello, 29, 37100 Verona VR, Italy","https://www.google.it/maps/place/McDonald's+Dossobuono/@45.389607,10.9007287,17z/data=!4m6!3m5!1s0x4781e089d18461af:0x1eed8b83b934aa4c!8m2!3d45.389607!4d10.9033036!16s%2Fg%2F11cs39j4gr?entry=ttu&g_ep=EgoyMDI1MDQzMC4xIKXMDSoASAFQAw%3D%3D",2025-11-17,Not busy
93% busy at 9 PM.,McDonald's Dossobuono,"4.0 (4,213)","Via Borgo Bello, 29, 37100 Verona VR, Italy","https://www.google.it/maps/place/McDonald's+Dossobuono/@45.389607,10.9007287,17z/data=!4m6!3m5!1s0x4781e089d18461af:0x1eed8b83b934aa4c!8m2!3d45.389607!4d10.9033036!16s%2Fg%2F11cs39j4gr?entry=ttu&g_ep=EgoyMDI1MDQzMC4xIKXMDSoASAFQAw%3D%3D",2025-11-17,Not busy
75% busy at 10 PM.,McDonald's Dossobuono,"4.0 (4,213)","Via Borgo Bello, 29, 37100 Verona VR, Italy","https://www.google.it/maps/place/McDonald's+Dossobuono/@45.389607,10.9007287,17z/data=!4m6!3m5!1s0x4781e089d18461af:0x1eed8b83b934aa4c!8m2!3d45.389607!4d10.9033036!16s%2Fg%2F11cs39j4gr?entry=ttu&g_ep=EgoyMDI1MDQzMC4xIKXMDSoASAFQAw%3D%3D",2025-11-17,Not busy
58% busy at 11 PM.,McDonald's Dossobuono,"4.0 (4,213)","Via Borgo Bello, 29, 37100 Verona VR, Italy","https://www.google.it/maps/place/McDonald's+Dossobuono/@45.389607,10.9007287,17z/data=!4m6!3m5!1s0x4781e089d18461af:0x1eed8b83b934aa4c!8m2!3d45.389607!4d10.9033036!16s%2Fg%2F11cs39j4gr?entry=ttu&g_ep=EgoyMDI1MDQzMC4xIKXMDSoASAFQAw%3D%3D",2025-11-17,Not busy
37% busy at 12 AM.,McDonald's Dossobuono,"4.0 (4,213)","Via Borgo Bello, 29, 37100 Verona VR, Italy","https://www.google.it/maps/place/McDonald's+Dossobuono/@45.389607,10.9007287,17z/data=!4m6!3m5!1s0x4781e089d18461af:0x1eed8b83b934aa4c!8m2!3d45.389607!4d10.9033036!16s%2Fg%2F11cs39j4gr?entry=ttu&g_ep=EgoyMDI1MDQzMC4xIKXMDSoASAFQAw%3D%3D",2025-11-17,Not busy
22% busy at 1 AM.,McDonald's Dossobuono,"4.0 (4,213)","Via Borgo Bello, 29, 37100 Verona VR, Italy","https://www.google.it/maps/place/McDonald's+Dossobuono/@45.389607,10.9007287,17z/data=!4m6!3m5!1s0x4781e089d18461af:0x1eed8b83b934aa4c!8m2!3d45.389607!4d10.9033036!16s%2Fg%2F11cs39j4gr?entry=ttu&g_ep=EgoyMDI1MDQzMC4xIKXMDSoASAFQAw%3D%3D",2025-11-17,Not busy
10% busy at 2 AM.,McDonald's Dossobuono,"4.0 (4,213)","Via Borgo Bello, 29, 37100 Verona VR, Italy","https://www.google.it/maps/place/McDonald's+Dossobuono/@45.389607,10.9007287,17z/data=!4m6!3m5!1s0x4781e089d18461af:0x1eed8b83b934aa4c!8m2!3d45.389607!4d10.9033036!16s%2Fg%2F11cs39j4gr?entry=ttu&g_ep=EgoyMDI1MDQzMC4xIKXMDSoASAFQAw%3D%3D",2025-11-17,Not busy
0% busy at 6 AM.,McDonald's Dossobuono,"4.0 (4,213)","Via Borgo Bello, 29, 37100 Verona VR, Italy","https://www.google.it/maps/place/McDonald's+Dossobuono/@45.389607,10.9007287,17z/data=!4m6!3m5!1s0x4781e089d18461af:0x1eed8b83b934aa4c!8m2!3d45.389607!4d10.9033036!16s%2Fg%2F11cs39j4gr?entry=ttu&g_ep=EgoyMDI1MDQzMC4xIKXMDSoASAFQAw%3D%3D",2025-11-17,Not busy
27% busy at 7 AM.,McDonald's Dossobuono,"4.0 (4,213)","Via Borgo Bello, 29, 37100 Verona VR, Italy","https://www.google.it/maps/place/McDonald's+Dossobuono/@45.389607,10.9007287,17z/data=!4m6!3m5!1s0x4781e089d18461af:0x1eed8b83b934aa4c!8m2!3d45.389607!4d10.9033036!16s%2Fg%2F11cs39j4gr?entry=ttu&g_ep=EgoyMDI1MDQzMC4xIKXMDSoASAFQAw%3D%3D",2025-11-17,Not busy
38% busy at 8 AM.,McDonald's Dossobuono,"4.0 (4,213)","Via Borgo Bello, 29, 37100 Verona VR, Italy","https://www.google.it/maps/place/McDonald's+Dossobuono/@45.389607,10.9007287,17z/data=!4m6!3m5!1s0x4781e089d18461af:0x1eed8b83b934aa4c!8m2!3d45.389607!4d10.9033036!16s%2Fg%2F11cs39j4gr?entry=ttu&g_ep=EgoyMDI1MDQzMC4xIKXMDSoASAFQAw%3D%3D",2025-11-17,Not busy
42% busy at 9 AM.,McDonald's Dossobuono,"4.0 (4,213)","Via Borgo Bello, 29, 37100 Verona VR, Italy","https://www.google.it/maps/place/McDonald's+Dossobuono/@45.389607,10.9007287,17z/data=!4m6!3m5!1s0x4781e089d18461af:0x1eed8b83b934aa4c!8m2!3d45.389607!4d10.9033036!16s%2Fg%2F11cs39j4gr?entry=ttu&g_ep=EgoyMDI1MDQzMC4xIKXMDSoASAFQAw%3D%3D",2025-11-17,Not busy
45% busy at 10 AM.,McDonald's Dossobuono,"4.0 (4,213)","Via Borgo Bello, 29, 37100 Verona VR, Italy","https://www.google.it/maps/place/McDonald's+Dossobuono/@45.389607,10.9007287,17z/data=!4m6!3m5!1s0x4781e089d18461af:0x1eed8b83b934aa4c!8m2!3d45.389607!4d10.9033036!16s%2Fg%2F11cs39j4gr?entry=ttu&g_ep=EgoyMDI1MDQzMC4xIKXMDSoASAFQAw%3D%3D",2025-11-17,Not busy
54% busy at 11 AM.,McDonald's Dossobuono,"4.0 (4,213)","Via Borgo Bello, 29, 37100 Verona VR, Italy","https://www.google.it/maps/place/McDonald's+Dossobuono/@45.389607,10.9007287,17z/data=!4m6!3m5!1s0x4781e089d18461af:0x1eed8b83b934aa4c!8m2!3d45.389607!4d10.9033036!16s%2Fg%2F11cs39j4gr?entry=ttu&g_ep=EgoyMDI1MDQzMC4xIKXMDSoASAFQAw%3D%3D",2025-11-17,Not busy
71% busy at 12 PM.,McDonald's Dossobuono,"4.0 (4,213)","Via Borgo Bello, 29, 37100 Verona VR, Italy","https://www.google.it/maps/place/McDonald's+Dossobuono/@45.389607,10.9007287,17z/data=!4m6!3m5!1s0x4781e089d18461af:0x1eed8b83b934aa4c!8m2!3d45.389607!4d10.9033036!16s%2Fg%2F11cs39j4gr?entry=ttu&g_ep=EgoyMDI1MDQzMC4xIKXMDSoASAFQAw%3D%3D",2025-11-17,Not busy
76% busy at 1 PM.,McDonald's Dossobuono,"4.0 (4,213)","Via Borgo Bello, 29, 37100 Verona VR, Italy","https://www.google.it/maps/place/McDonald's+Dossobuono/@45.389607,10.9007287,17z/data=!4m6!3m5!1s0x4781e089d18461af:0x1eed8b83b934aa4c!8m2!3d45.389607!4d10.9033036!16s%2Fg%2F11cs39j4gr?entry=ttu&g_ep=EgoyMDI1MDQzMC4xIKXMDSoASAFQAw%3D%3D",2025-11-17,Not busy
67% busy at 2 PM.,McDonald's Dossobuono,"4.0 (4,213)","Via Borgo Bello, 29, 37100 Verona VR, Italy","https://www.google.it/maps/place/McDonald's+Dossobuono/@45.389607,10.9007287,17z/data=!4m6!3m5!1s0x4781e089d18461af:0x1eed8b83b934aa4c!8m2!3d45.389607!4d10.9033036!16s%2Fg%2F11cs39j4gr?entry=ttu&g_ep=EgoyMDI1MDQzMC4xIKXMDSoASAFQAw%3D%3D",2025-11-17,Not busy
54% busy at 3 PM.,McDonald's Dossobuono,"4.0 (4,213)","Via Borgo Bello, 29, 37100 Verona VR, Italy","https://www.google.it/maps/place/McDonald's+Dossobuono/@45.389607,10.9007287,17z/data=!4m6!3m5!1s0x4781e089d18461af:0x1eed8b83b934aa4c!8m2!3d45.389607!4d10.9033036!16s%2Fg%2F11cs39j4gr?entry=ttu&g_ep=EgoyMDI1MDQzMC4xIKXMDSoASAFQAw%3D%3D",2025-11-17,Not busy
44% busy at 4 PM.,McDonald's Dossobuono,"4.0 (4,213)","Via Borgo Bello, 29, 37100 Verona VR, Italy","https://www.google.it/maps/place/McDonald's+Dossobuono/@45.389607,10.9007287,17z/data=!4m6!3m5!1s0x4781e089d18461af:0x1eed8b83b934aa4c!8m2!3d45.389607!4d10.9033036!16s%2Fg%2F11cs39j4gr?entry=ttu&g_ep=EgoyMDI1MDQzMC4xIKXMDSoASAFQAw%3D%3D",2025-11-17,Not busy
49% busy at 5 PM.,McDonald's Dossobuono,"4.0 (4,213)","Via Borgo Bello, 29, 37100 Verona VR, Italy","https://www.google.it/maps/place/McDonald's+Dossobuono/@45.389607,10.9007287,17z/data=!4m6!3m5!1s0x4781e089d18461af:0x1eed8b83b934aa4c!8m2!3d45.389607!4d10.9033036!16s%2Fg%2F11cs39j4gr?entry=ttu&g_ep=EgoyMDI1MDQzMC4xIKXMDSoASAFQAw%3D%3D",2025-11-17,Not busy
65% busy at 6 PM.,McDonald's Dossobuono,"4.0 (4,213)","Via Borgo Bello, 29, 37100 Verona VR, Italy","https://www.google.it/maps/place/McDonald's+Dossobuono/@45.389607,10.9007287,17z/data=!4m6!3m5!1s0x4781e089d18461af:0x1eed8b83b934aa4c!8m2!3d45.389607!4d10.9033036!16s%2Fg%2F11cs39j4gr?entry=ttu&g_ep=EgoyMDI1MDQzMC4xIKXMDSoASAFQAw%3D%3D",2025-11-17,Not busy
87% busy at 7 PM.,McDonald's Dossobuono,"4.0 (4,213)","Via Borgo Bello, 29, 37100 Verona VR, Italy","https://www.google.it/maps/place/McDonald's+Dossobuono/@45.389607,10.9007287,17z/data=!4m6!3m5!1s0x4781e089d18461af:0x1eed8b83b934aa4c!8m2!3d45.389607!4d10.9033036!16s%2Fg%2F11cs39j4gr?entry=ttu&g_ep=EgoyMDI1MDQzMC4xIKXMDSoASAFQAw%3D%3D",2025-11-17,Not busy
95% busy at 8 PM.,McDonald's Dossobuono,"4.0 (4,213)","Via Borgo Bello, 29, 37100 Verona VR, Italy","https://www.google.it/maps/place/McDonald's+Dossobuono/@45.389607,10.9007287,17z/data=!4m6!3m5!1s0x4781e089d18461af:0x1eed8b83b934aa4c!8m2!3d45.389607!4d10.9033036!16s%2Fg%2F11cs39j4gr?entry=ttu&g_ep=EgoyMDI1MDQzMC4xIKXMDSoASAFQAw%3D%3D",2025-11-17,Not busy
84% busy at 9 PM.,McDonald's Dossobuono,"4.0 (4,213)","Via Borgo Bello, 29, 37100 Verona VR, Italy","https://www.google.it/maps/place/McDonald's+Dossobuono/@45.389607,10.9007287,17z/data=!4m6!3m5!1s0x4781e089d18461af:0x1eed8b83b934aa4c!8m2!3d45.389607!4d10.9033036!16s%2Fg%2F11cs39j4gr?entry=ttu&g_ep=EgoyMDI1MDQzMC4xIKXMDSoASAFQAw%3D%3D",2025-11-17,Not busy
66% busy at 10 PM.,McDonald's Dossobuono,"4.0 (4,213)","Via Borgo Bello, 29, 37100 Verona VR, Italy","https://www.google.it/maps/place/McDonald's+Dossobuono/@45.389607,10.9007287,17z/data=!4m6!3m5!1s0x4781e089d18461af:0x1eed8b83b934aa4c!8m2!3d45.389607!4d10.9033036!16s%2Fg%2F11cs39j4gr?entry=ttu&g_ep=EgoyMDI1MDQzMC4xIKXMDSoASAFQAw%3D%3D",2025-11-17,Not busy
46% busy at 11 PM.,McDonald's Dossobuono,"4.0 (4,213)","Via Borgo Bello, 29, 37100 Verona VR, Italy","https://www.google.it/maps/place/McDonald's+Dossobuono/@45.389607,10.9007287,17z/data=!4m6!3m5!1s0x4781e089d18461af:0x1eed8b83b934aa4c!8m2!3d45.389607!4d10.9033036!16s%2Fg%2F11cs39j4gr?entry=ttu&g_ep=EgoyMDI1MDQzMC4xIKXMDSoASAFQAw%3D%3D",2025-11-17,Not busy
30% busy at 12 AM.,McDonald's Dossobuono,"4.0 (4,213)","Via Borgo Bello, 29, 37100 Verona VR, Italy","https://www.google.it/maps/place/McDonald's+Dossobuono/@45.389607,10.9007287,17z/data=!4m6!3m5!1s0x4781e089d18461af:0x1eed8b83b934aa4c!8m2!3d45.389607!4d10.9033036!16s%2Fg%2F11cs39j4gr?entry=ttu&g_ep=EgoyMDI1MDQzMC4xIKXMDSoASAFQAw%3D%3D",2025-11-17,Not busy
18% busy at 1 AM.,McDonald's Dossobuono,"4.0 (4,213)","Via Borgo Bello, 29, 37100 Verona VR, Italy","https://www.google.it/maps/place/McDonald's+Dossobuono/@45.389607,10.9007287,17z/data=!4m6!3m5!1s0x4781e089d18461af:0x1eed8b83b934aa4c!8m2!3d45.389607!4d10.9033036!16s%2Fg%2F11cs39j4gr?entry=ttu&g_ep=EgoyMDI1MDQzMC4xIKXMDSoASAFQAw%3D%3D",2025-11-17,Not busy
9% busy at 2 AM.,McDonald's Dossobuono,"4.0 (4,213)","Via Borgo Bello, 29, 37100 Verona VR, Italy","https://www.google.it/maps/place/McDonald's+Dossobuono/@45.389607,10.9007287,17z/data=!4m6!3m5!1s0x4781e089d18461af:0x1eed8b83b934aa4c!8m2!3d45.389607!4d10.9033036!16s%2Fg%2F11cs39j4gr?entry=ttu&g_ep=EgoyMDI1MDQzMC4xIKXMDSoASAFQAw%3D%3D",2025-11-17,Not busy
